Dataset,GPT-3.5,GPT-4
SciQ,1055.8190457820892,1522.518254995346
MathQA,259.6657078266144,361.4853019714356
MedQ,1080.2943861484528,1289.1500647068024
ComSen,38.76019191741944,56.139376163482666
SocLang,296.8554017543793,405.1989312171936
MMLU,348.8034996986389,428.6679439544678
